dataset,method,method_label,B_component_checks,reference_evaluations,budget_fraction,accepted_coverage,mean_relerr,relerr_cluster_low,relerr_cluster_high,mean_cosine,cosine_cluster_low,cosine_cluster_high,mean_false_risk,false_risk_cluster_low,false_risk_cluster_high
TMM easy (near-saturated),mean_aligned_sign,Mean-aligned sign,0,0,0,1,0.321679680918,0.275066054137,0.372006574863,0.995746075819,0.994449969139,0.996868608202,0.0318181818182,0.0215909090909,0.0420454545455
TMM easy (near-saturated),mean_aligned_sign,Mean-aligned sign,1,2,0.0909090909091,0.909090909091,0.311925007579,0.266647439938,0.360793111706,0.993000977102,0.99104623922,0.994659039913,0.0161596679688,0.0086328125,0.0243652954102
TMM easy (near-saturated),mean_aligned_sign,Mean-aligned sign,2,4,0.181818181818,0.818181818182,0.298014113661,0.254328228555,0.345220158127,0.987176742519,0.982503507072,0.990997510516,0.00811360677083,0.00280490451389,0.0143500434028
TMM easy (near-saturated),mean_aligned_sign,Mean-aligned sign,3,6,0.272727272727,0.727272727273,0.281138189649,0.239870338907,0.325786729703,0.979510502567,0.969715606556,0.987251355461,0.00722045898437,0.0015625,0.0137084960937
TMM easy (near-saturated),mean_aligned_sign,Mean-aligned sign,4,8,0.363636363636,0.636363636364,0.262253535511,0.22383968919,0.303561065567,0.977255858033,0.966693008993,0.985653513045,0.00586635044643,0.00112653459821,0.0120227922712
TMM easy (near-saturated),mean_aligned_sign,Mean-aligned sign,5,10,0.454545454545,0.545454545455,0.24109968684,0.205884730437,0.279040751769,0.977073891124,0.967318333724,0.984947776233,0.00581868489583,0.00111490885417,0.0119146728516
TMM easy (near-saturated),mean_aligned_sign,Mean-aligned sign,6,12,0.545454545455,0.454545454545,0.217895094424,0.186184926101,0.25196909948,0.978753781502,0.970313473882,0.985520256849,0.0058349609375,0.001083984375,0.0119482421875
TMM easy (near-saturated),mean_aligned_sign,Mean-aligned sign,7,14,0.636363636364,0.363636363636,0.191557252957,0.163894343464,0.221419094099,0.981670843838,0.974967369669,0.987163016882,0.00586547851562,0.00110473632813,0.0119995117187
TMM easy (near-saturated),mean_aligned_sign,Mean-aligned sign,8,16,0.727272727273,0.272727272727,0.160786460118,0.137298625437,0.186088921423,0.985520079677,0.980451037441,0.989724614151,0.006005859375,0.00113932291667,0.0122802734375
TMM easy (near-saturated),mean_aligned_sign,Mean-aligned sign,9,18,0.818181818182,0.181818181818,0.125770589556,0.107385871596,0.145578422778,0.989583586259,0.986181058542,0.992448590051,0.00570068359375,0.00103759765625,0.0116943359375
TMM easy (near-saturated),mean_aligned_sign,Mean-aligned sign,10,20,0.909090909091,0.0909090909091,0.078895095849,0.0673740556857,0.0912057555558,0.994430333253,0.992712561012,0.995910178084,0.0054931640625,0.0007568359375,0.0116455078125
TMM easy (near-saturated),mean_aligned_sign,Mean-aligned sign,11,22,1,0,0,0,0,0.999999916996,0.99999984559,0.999999967235,,,
TMM easy (near-saturated),sign_agreement,Modal sign agreement,0,0,0,1,0.321679680918,0.275066054137,0.372006574863,0.995746075819,0.994449969139,0.996868608202,0.0318181818182,0.0215909090909,0.0420454545455
TMM easy (near-saturated),sign_agreement,Modal sign agreement,1,2,0.0909090909091,0.909090909091,0.311876253682,0.266580556352,0.360895349363,0.992991826692,0.991039381375,0.994653447742,0.016201171875,0.008681640625,0.0244093017578
TMM easy (near-saturated),sign_agreement,Modal sign agreement,2,4,0.181818181818,0.818181818182,0.298021102014,0.254339319804,0.345166130049,0.987240817592,0.982612732616,0.991033425558,0.00806477864583,0.00272352430556,0.0142849392361
TMM easy (near-saturated),sign_agreement,Modal sign agreement,3,6,0.272727272727,0.727272727273,0.280984650967,0.23972398571,0.32548533016,0.979409407909,0.969579118771,0.987184831949,0.00722961425781,0.0015625,0.0136840820312
TMM easy (near-saturated),sign_agreement,Modal sign agreement,4,8,0.363636363636,0.636363636364,0.262108404062,0.223786352301,0.303438502403,0.977209079359,0.966610414009,0.985607174188,0.00586635044643,0.00118582589286,0.0119663783482
TMM easy (near-saturated),sign_agreement,Modal sign agreement,5,10,0.454545454545,0.545454545455,0.241058736033,0.205862374311,0.279009186527,0.977183842273,0.967511793643,0.98496617771,0.00591634114583,0.00115559895833,0.0120686848958
TMM easy (near-saturated),sign_agreement,Modal sign agreement,6,12,0.545454545455,0.454545454545,0.217731435622,0.186008358241,0.251738167468,0.978858531999,0.970508855645,0.985535903267,0.0059033203125,0.00109375,0.012099609375
TMM easy (near-saturated),sign_agreement,Modal sign agreement,7,14,0.636363636364,0.363636363636,0.191330527053,0.163650210282,0.221194661123,0.981701265046,0.974984291376,0.987204082337,0.00582885742188,0.00104370117188,0.0119873046875
TMM easy (near-saturated),sign_agreement,Modal sign agreement,8,16,0.727272727273,0.272727272727,0.160569920705,0.13712535168,0.185810085052,0.985515853941,0.980396767913,0.989735781227,0.00581868489583,0.00110677083333,0.0118896484375
TMM easy (near-saturated),sign_agreement,Modal sign agreement,9,18,0.818181818182,0.181818181818,0.125694755425,0.107337554095,0.145435400266,0.989555526182,0.98610731655,0.992471483931,0.00599365234375,0.00108642578125,0.01240234375
TMM easy (near-saturated),sign_agreement,Modal sign agreement,10,20,0.909090909091,0.0909090909091,0.0794446027979,0.0677513466728,0.0918739152757,0.99435190164,0.992585088101,0.995876996125,0.0064208984375,0.0010498046875,0.013330078125
TMM easy (near-saturated),sign_agreement,Modal sign agreement,11,22,1,0,0,0,0,0.999999916996,0.99999984559,0.999999967235,,,
TMM easy (near-saturated),snr,SNR $|\bar g|/s$,0,0,0,1,0.321679680918,0.275066054137,0.372006574863,0.995746075819,0.994449969139,0.996868608202,0.0318181818182,0.0215909090909,0.0420454545455
TMM easy (near-saturated),snr,SNR $|\bar g|/s$,1,2,0.0909090909091,0.909090909091,0.319868712553,0.273046505464,0.370137435448,0.994995979344,0.99302249035,0.996620634938,0.01375,0.00625,0.0225
TMM easy (near-saturated),snr,SNR $|\bar g|/s$,2,4,0.181818181818,0.818181818182,0.317354248519,0.270676685128,0.367532170653,0.992703703694,0.988351239134,0.995991877556,0.00694444444444,0.00138888888889,0.0125347222222
TMM easy (near-saturated),snr,SNR $|\bar g|/s$,3,6,0.272727272727,0.727272727273,0.312697402649,0.266075500985,0.362675743235,0.987773248152,0.979161123783,0.994294132096,0.00625,0.0015625,0.0125
TMM easy (near-saturated),snr,SNR $|\bar g|/s$,4,8,0.363636363636,0.636363636364,0.302357708145,0.257961377768,0.350232046469,0.984186922577,0.973962909374,0.992109129144,0,0,0
TMM easy (near-saturated),snr,SNR $|\bar g|/s$,5,10,0.454545454545,0.545454545455,0.282181985347,0.24080328026,0.326472657385,0.980070626386,0.96928162396,0.988637642536,0,0,0
TMM easy (near-saturated),snr,SNR $|\bar g|/s$,6,12,0.545454545455,0.454545454545,0.248623917073,0.212616485066,0.286541673571,0.982526058424,0.975826590944,0.988224254278,0,0,0
TMM easy (near-saturated),snr,SNR $|\bar g|/s$,7,14,0.636363636364,0.363636363636,0.21064518643,0.180240830688,0.242398826342,0.984852768284,0.980231903914,0.988898096999,0,0,0
TMM easy (near-saturated),snr,SNR $|\bar g|/s$,8,16,0.727272727273,0.272727272727,0.168656557147,0.143250546538,0.195534719145,0.988130621196,0.984561106968,0.991248509171,0,0,0
TMM easy (near-saturated),snr,SNR $|\bar g|/s$,9,18,0.818181818182,0.181818181818,0.12165801239,0.102294273367,0.14291984338,0.992145944799,0.989572690335,0.994387552349,0,0,0
TMM easy (near-saturated),snr,SNR $|\bar g|/s$,10,20,0.909090909091,0.0909090909091,0.0750315268624,0.0605776592444,0.0917347517373,0.995766883797,0.993747758003,0.997369053712,0,0,0
TMM easy (near-saturated),snr,SNR $|\bar g|/s$,11,22,1,0,0,0,0,0.999999916996,0.99999984559,0.999999967235,,,
TMM easy (near-saturated),magnitude,Magnitude $|\bar g|$,0,0,0,1,0.321679680918,0.275066054137,0.372006574863,0.995746075819,0.994449969139,0.996868608202,0.0318181818182,0.0215909090909,0.0420454545455
TMM easy (near-saturated),magnitude,Magnitude $|\bar g|$,1,2,0.0909090909091,0.909090909091,0.32011485297,0.273333495407,0.370542397508,0.994893378083,0.992850976878,0.996577480421,0.01875,0.01,0.02875
TMM easy (near-saturated),magnitude,Magnitude $|\bar g|$,2,4,0.181818181818,0.818181818182,0.318260838201,0.271463794892,0.368666355955,0.993625781764,0.990444844884,0.996119988682,0.00972222222222,0.00277777777778,0.0166666666667
TMM easy (near-saturated),magnitude,Magnitude $|\bar g|$,3,6,0.272727272727,0.727272727273,0.316275642307,0.26944504991,0.366520116483,0.992498186733,0.988337181857,0.995760264168,0.003125,0,0.0078125
TMM easy (near-saturated),magnitude,Magnitude $|\bar g|$,4,8,0.363636363636,0.636363636364,0.312522674932,0.26576361799,0.363052689787,0.991391243664,0.986170174906,0.995451921258,0,0,0
TMM easy (near-saturated),magnitude,Magnitude $|\bar g|$,5,10,0.454545454545,0.545454545455,0.305862646579,0.259589935745,0.355352497782,0.984954214029,0.975003151093,0.992601193455,0,0,0
TMM easy (near-saturated),magnitude,Magnitude $|\bar g|$,6,12,0.545454545455,0.454545454545,0.298538788164,0.253487792111,0.346943516138,0.981027499173,0.969178115188,0.990244925192,0,0,0
TMM easy (near-saturated),magnitude,Magnitude $|\bar g|$,7,14,0.636363636364,0.363636363636,0.29074013447,0.246747344858,0.338133164111,0.978215483775,0.965388190332,0.988202119205,0,0,0
TMM easy (near-saturated),magnitude,Magnitude $|\bar g|$,8,16,0.727272727273,0.272727272727,0.281396842457,0.238037528676,0.327728008994,0.976361727442,0.963102635415,0.986865623506,0,0,0
TMM easy (near-saturated),magnitude,Magnitude $|\bar g|$,9,18,0.818181818182,0.181818181818,0.228292109675,0.192208060346,0.266727893591,0.976975238908,0.967512218013,0.9847849629,0,0,0
TMM easy (near-saturated),magnitude,Magnitude $|\bar g|$,10,20,0.909090909091,0.0909090909091,0.160582926307,0.134805536342,0.187966632876,0.985140924124,0.980239046082,0.989365135478,0,0,0
TMM easy (near-saturated),magnitude,Magnitude $|\bar g|$,11,22,1,0,0,0,0,0.999999916996,0.99999984559,0.999999967235,,,
TMM stressed,mean_aligned_sign,Mean-aligned sign,0,0,0,1,0.956862317495,0.84380441385,1.0784168181,0.777042071334,0.718009862357,0.828942484123,0.211818181818,0.183636363636,0.241818181818
TMM stressed,mean_aligned_sign,Mean-aligned sign,1,2,0.0909090909091,0.909090909091,0.935367355851,0.821452847845,1.05752568049,0.806614663526,0.767540500268,0.842784861621,0.182271484375,0.154292138672,0.212963232422
TMM stressed,mean_aligned_sign,Mean-aligned sign,2,4,0.181818181818,0.818181818182,0.901946502835,0.788906392313,1.02394428671,0.826426868299,0.795182811015,0.856408422556,0.159459635417,0.131516438802,0.190008951823
TMM stressed,mean_aligned_sign,Mean-aligned sign,3,6,0.272727272727,0.727272727273,0.864486150154,0.753523840037,0.983630784514,0.836929210397,0.808548443356,0.864256108172,0.146325683594,0.118495544434,0.176751037598
TMM stressed,mean_aligned_sign,Mean-aligned sign,4,8,0.363636363636,0.636363636364,0.820742655591,0.712642961802,0.937605798983,0.856288709619,0.832553523246,0.878635813101,0.140376674107,0.111171735491,0.172041155134
TMM stressed,mean_aligned_sign,Mean-aligned sign,5,10,0.454545454545,0.545454545455,0.768672726975,0.665833020213,0.879977207031,0.872335771088,0.853254948536,0.890512163758,0.132815755208,0.10333585612,0.164961181641
TMM stressed,mean_aligned_sign,Mean-aligned sign,6,12,0.545454545455,0.454545454545,0.702122226638,0.608076067861,0.803707951649,0.887477118463,0.872812176424,0.901551776413,0.12829296875,0.0982571289063,0.161090527344
TMM stressed,mean_aligned_sign,Mean-aligned sign,7,14,0.636363636364,0.363636363636,0.626642189918,0.541598472232,0.71764163915,0.902542120478,0.89042884047,0.914097900802,0.122924804688,0.090537109375,0.15806640625
TMM stressed,mean_aligned_sign,Mean-aligned sign,8,16,0.727272727273,0.272727272727,0.534878036815,0.46130373891,0.612983965768,0.918135916992,0.908167854698,0.927978650668,0.123515625,0.0900966796875,0.16020328776
TMM stressed,mean_aligned_sign,Mean-aligned sign,9,18,0.818181818182,0.181818181818,0.42516396682,0.366032892508,0.488187319408,0.936476583774,0.927842396362,0.944972517243,0.12158203125,0.0879978027344,0.158448486328
TMM stressed,mean_aligned_sign,Mean-aligned sign,10,20,0.909090909091,0.0909090909091,0.274158201009,0.234599051547,0.316561660963,0.961614742597,0.954850706466,0.968009370004,0.12216796875,0.0883388671875,0.159551757812
TMM stressed,mean_aligned_sign,Mean-aligned sign,11,22,1,0,0,0,0,0.999999974789,0.999999953369,0.99999998954,,,
TMM stressed,sign_agreement,Modal sign agreement,0,0,0,1,0.956862317495,0.84380441385,1.0784168181,0.777042071334,0.718009862357,0.828942484123,0.211818181818,0.183636363636,0.241818181818
TMM stressed,sign_agreement,Modal sign agreement,1,2,0.0909090909091,0.909090909091,0.934376744272,0.820149874998,1.05731086179,0.807898440864,0.769267080072,0.844036158299,0.185802734375,0.157785107422,0.216159863281
TMM stressed,sign_agreement,Modal sign agreement,2,4,0.181818181818,0.818181818182,0.90240826505,0.789425593801,1.02457591735,0.826259860802,0.794977289348,0.85628261545,0.160108506944,0.132239420573,0.190690646701
TMM stressed,sign_agreement,Modal sign agreement,3,6,0.272727272727,0.727272727273,0.86485019563,0.753594848284,0.984196751703,0.836943600834,0.808560940098,0.864207610768,0.147102050781,0.119161621094,0.177478149414
TMM stressed,sign_agreement,Modal sign agreement,4,8,0.363636363636,0.636363636364,0.821458974639,0.713141352145,0.938189097803,0.856132948381,0.832336795522,0.878559692919,0.140457589286,0.111282784598,0.171989955357
TMM stressed,sign_agreement,Modal sign agreement,5,10,0.454545454545,0.545454545455,0.769228339669,0.666280286151,0.880748020257,0.872273283154,0.853203005341,0.890517911122,0.132679036458,0.103280680339,0.164840983073
TMM stressed,sign_agreement,Modal sign agreement,6,12,0.545454545455,0.454545454545,0.70217050684,0.607980040959,0.803672100503,0.887434679715,0.872826065584,0.901610861156,0.12919140625,0.098929296875,0.162024121094
TMM stressed,sign_agreement,Modal sign agreement,7,14,0.636363636364,0.363636363636,0.626840781329,0.541399601804,0.718118523336,0.902741239383,0.890747418501,0.914228686657,0.123212890625,0.0907564697266,0.1584921875
TMM stressed,sign_agreement,Modal sign agreement,8,16,0.727272727273,0.272727272727,0.535149620176,0.461646271638,0.613633450341,0.918148008881,0.908167653505,0.928000436159,0.123697916667,0.0901342773438,0.160416992188
TMM stressed,sign_agreement,Modal sign agreement,9,18,0.818181818182,0.181818181818,0.423108504182,0.364531092689,0.486092171876,0.936771548022,0.928137022556,0.945255788424,0.122861328125,0.0889931640625,0.160176025391
TMM stressed,sign_agreement,Modal sign agreement,10,20,0.909090909091,0.0909090909091,0.273807340953,0.233930125624,0.316342389274,0.961733210998,0.954937276471,0.968128146239,0.12244140625,0.0886323242188,0.1594140625
TMM stressed,sign_agreement,Modal sign agreement,11,22,1,0,0,0,0,0.999999974789,0.999999953369,0.99999998954,,,
TMM stressed,snr,SNR $|\bar g|/s$,0,0,0,1,0.956862317495,0.84380441385,1.0784168181,0.777042071334,0.718009862357,0.828942484123,0.211818181818,0.183636363636,0.241818181818
TMM stressed,snr,SNR $|\bar g|/s$,1,2,0.0909090909091,0.909090909091,0.936879998667,0.823254524968,1.05929091369,0.800353747001,0.758104162493,0.839376145082,0.19,0.162,0.221
TMM stressed,snr,SNR $|\bar g|/s$,2,4,0.181818181818,0.818181818182,0.910599646052,0.795812567996,1.03433902708,0.818785508698,0.78439535859,0.851763369288,0.163333333333,0.134444444444,0.195555555556
TMM stressed,snr,SNR $|\bar g|/s$,3,6,0.272727272727,0.727272727273,0.874366964002,0.759265971344,0.998769961311,0.841649859639,0.813615670258,0.868568910522,0.145,0.115,0.1775
TMM stressed,snr,SNR $|\bar g|/s$,4,8,0.363636363636,0.636363636364,0.838185195603,0.72258147213,0.963639787531,0.861018948232,0.836137576415,0.884844962035,0.125714285714,0.0942857142857,0.158571428571
TMM stressed,snr,SNR $|\bar g|/s$,5,10,0.454545454545,0.545454545455,0.805413971327,0.69154729555,0.93001399732,0.877205639801,0.85620236335,0.897268835472,0.106666666667,0.075,0.141666666667
TMM stressed,snr,SNR $|\bar g|/s$,6,12,0.545454545455,0.454545454545,0.75793695331,0.646069561363,0.882341316083,0.894515635121,0.877251354817,0.911204471715,0.084,0.052,0.118
TMM stressed,snr,SNR $|\bar g|/s$,7,14,0.636363636364,0.363636363636,0.706280585535,0.597086502851,0.826717553884,0.907325248427,0.89123325681,0.922470299033,0.0825,0.05,0.12
TMM stressed,snr,SNR $|\bar g|/s$,8,16,0.727272727273,0.272727272727,0.643690165247,0.537562209014,0.759834624073,0.921847169551,0.909099270705,0.933789280658,0.0766666666667,0.04,0.116666666667
TMM stressed,snr,SNR $|\bar g|/s$,9,18,0.818181818182,0.181818181818,0.541236832588,0.446728044065,0.646231959514,0.934795343439,0.924702953791,0.944149650277,0.065,0.03,0.105
TMM stressed,snr,SNR $|\bar g|/s$,10,20,0.909090909091,0.0909090909091,0.372665166127,0.302924995762,0.452465949577,0.94988456745,0.939704446237,0.959498140647,0.07,0.02975,0.12
TMM stressed,snr,SNR $|\bar g|/s$,11,22,1,0,0,0,0,0.999999974789,0.999999953369,0.99999998954,,,
TMM stressed,magnitude,Magnitude $|\bar g|$,0,0,0,1,0.956862317495,0.84380441385,1.0784168181,0.777042071334,0.718009862357,0.828942484123,0.211818181818,0.183636363636,0.241818181818
TMM stressed,magnitude,Magnitude $|\bar g|$,1,2,0.0909090909091,0.909090909091,0.940803406084,0.82713705582,1.06318244359,0.79481985432,0.74967605792,0.835760370595,0.193,0.165,0.224
TMM stressed,magnitude,Magnitude $|\bar g|$,2,4,0.181818181818,0.818181818182,0.917347021034,0.802891660115,1.0398100905,0.805928128267,0.76691778789,0.842418112038,0.173333333333,0.143333333333,0.206666666667
TMM stressed,magnitude,Magnitude $|\bar g|$,3,6,0.272727272727,0.727272727273,0.896397092871,0.781244163342,1.01958834061,0.824176552696,0.791266178482,0.855707723666,0.145,0.1125,0.18
TMM stressed,magnitude,Magnitude $|\bar g|$,4,8,0.363636363636,0.636363636364,0.866906824207,0.752238452808,0.990966269062,0.843424328409,0.815448828469,0.870316292072,0.137142857143,0.105714285714,0.171428571429
TMM stressed,magnitude,Magnitude $|\bar g|$,5,10,0.454545454545,0.545454545455,0.846585184169,0.732759789497,0.971431050733,0.854143000581,0.828534083713,0.878754033007,0.118333333333,0.0866666666667,0.151666666667
TMM stressed,magnitude,Magnitude $|\bar g|$,6,12,0.545454545455,0.454545454545,0.806400395225,0.694519199369,0.929432824037,0.874529329704,0.852688734897,0.89546169124,0.092,0.06,0.126
TMM stressed,magnitude,Magnitude $|\bar g|$,7,14,0.636363636364,0.363636363636,0.757896911831,0.647350089687,0.878778965522,0.896453532354,0.879623572595,0.91235095135,0.075,0.0425,0.1125
TMM stressed,magnitude,Magnitude $|\bar g|$,8,16,0.727272727273,0.272727272727,0.697100482778,0.590716333323,0.813917937715,0.912038831423,0.895870001468,0.927509791149,0.0566666666667,0.0233333333333,0.0966666666667
TMM stressed,magnitude,Magnitude $|\bar g|$,9,18,0.818181818182,0.181818181818,0.580495969619,0.483823395761,0.687908924985,0.929935974636,0.919778262225,0.939800951279,0.065,0.03,0.11
TMM stressed,magnitude,Magnitude $|\bar g|$,10,20,0.909090909091,0.0909090909091,0.433719774374,0.357603311905,0.518504475135,0.941239793041,0.930717966693,0.951364461076,0.06,0.02,0.11
TMM stressed,magnitude,Magnitude $|\bar g|$,11,22,1,0,0,0,0,0.999999974789,0.999999953369,0.99999998954,,,
Heat/Poisson stressed,mean_aligned_sign,Mean-aligned sign,0,0,0,1,0.343819091669,0.332812035275,0.355275786468,0.950911527565,0.948265870045,0.953508076229,0.106875,0.094375,0.12
Heat/Poisson stressed,mean_aligned_sign,Mean-aligned sign,1,2,0.0625,0.9375,0.339326274051,0.327788572746,0.351270246785,0.95233264485,0.949619336986,0.955015721478,0.0832682291667,0.0712962239583,0.0951420572917
Heat/Poisson stressed,mean_aligned_sign,Mean-aligned sign,2,4,0.125,0.875,0.334741720656,0.323076020341,0.346739170232,0.953851946951,0.951119742849,0.956533547509,0.0655385044643,0.055233921596,0.0760410505022
Heat/Poisson stressed,mean_aligned_sign,Mean-aligned sign,3,6,0.1875,0.8125,0.32865881622,0.316735731179,0.340857458068,0.955750472743,0.952989221246,0.958488765226,0.0542953725962,0.0449183067909,0.0637786207933
Heat/Poisson stressed,mean_aligned_sign,Mean-aligned sign,4,8,0.25,0.75,0.321416818749,0.309687517569,0.333528573174,0.957944212867,0.955269645084,0.960578612717,0.04810546875,0.0395971272786,0.0567225341797
Heat/Poisson stressed,mean_aligned_sign,Mean-aligned sign,5,10,0.3125,0.6875,0.312011406794,0.300376203268,0.323931493913,0.960464666452,0.957908681159,0.962956978341,0.0464399857955,0.0376863014915,0.0552113370028
Heat/Poisson stressed,mean_aligned_sign,Mean-aligned sign,6,12,0.375,0.625,0.299598187116,0.288089450787,0.311336777256,0.963296955886,0.960894782047,0.965633170824,0.046544921875,0.0374706542969,0.0556115234375
Heat/Poisson stressed,mean_aligned_sign,Mean-aligned sign,7,14,0.4375,0.5625,0.28476848598,0.273651188221,0.296072697318,0.966385926925,0.964162812142,0.968538234719,0.0464344618056,0.0371527777778,0.0556901584201
Heat/Poisson stressed,mean_aligned_sign,Mean-aligned sign,8,16,0.5,0.5,0.268183137755,0.25775693671,0.278877701001,0.969718167958,0.967732680504,0.971646386628,0.0460668945312,0.0367501831055,0.0554053344727
Heat/Poisson stressed,mean_aligned_sign,Mean-aligned sign,9,18,0.5625,0.4375,0.250150120504,0.240413790513,0.260101548913,0.973173371778,0.971414116766,0.974875124265,0.0461160714286,0.0368051757813,0.0554411969866
Heat/Poisson stressed,mean_aligned_sign,Mean-aligned sign,10,20,0.625,0.375,0.230677168631,0.221688267916,0.239843870232,0.976724095545,0.97520158719,0.978208354554,0.0459244791667,0.0366471354167,0.0551726074219
Heat/Poisson stressed,mean_aligned_sign,Mean-aligned sign,11,22,0.6875,0.3125,0.209514907329,0.201280201983,0.217918399378,0.980358066537,0.979042509446,0.981639689758,0.04609765625,0.0367928710938,0.0554104492188
Heat/Poisson stressed,mean_aligned_sign,Mean-aligned sign,12,24,0.75,0.25,0.185812648232,0.178468150395,0.193272494578,0.984097190761,0.983008436922,0.985145566379,0.0458984375,0.0366744384766,0.0551369628906
Heat/Poisson stressed,mean_aligned_sign,Mean-aligned sign,13,26,0.8125,0.1875,0.158794420475,0.15247035975,0.165279859482,0.987893563455,0.987039313467,0.988715884744,0.0462044270833,0.0368684895833,0.0555275065104
Heat/Poisson stressed,mean_aligned_sign,Mean-aligned sign,14,28,0.875,0.125,0.12594352557,0.120878262036,0.131160731825,0.991815261393,0.991216632781,0.992389126623,0.04599609375,0.0366796875,0.0552734375
Heat/Poisson stressed,mean_aligned_sign,Mean-aligned sign,15,30,0.9375,0.0625,0.0818689662032,0.0784660755774,0.0853975358087,0.995836158697,0.99551145829,0.996144371753,0.04681640625,0.03740234375,0.0563286132812
Heat/Poisson stressed,mean_aligned_sign,Mean-aligned sign,16,32,1,0,0,0,0,0.999999999981,0.99999999998,0.999999999981,,,
Heat/Poisson stressed,sign_agreement,Modal sign agreement,0,0,0,1,0.343819091669,0.332812035275,0.355275786468,0.950911527565,0.948265870045,0.953508076229,0.106875,0.094375,0.12
Heat/Poisson stressed,sign_agreement,Modal sign agreement,1,2,0.0625,0.9375,0.339194126173,0.327682540484,0.35105785447,0.95238056247,0.949648437012,0.955090345514,0.0832552083333,0.0716820638021,0.0949259114583
Heat/Poisson stressed,sign_agreement,Modal sign agreement,2,4,0.125,0.875,0.334744453335,0.323164407392,0.346676245872,0.953847626069,0.951120196786,0.956524778278,0.0657212611607,0.0552355259487,0.0763281598772
Heat/Poisson stressed,sign_agreement,Modal sign agreement,3,6,0.1875,0.8125,0.328580157243,0.31669859562,0.340708120651,0.955788106764,0.953032436735,0.958520340859,0.0546349158654,0.0451591045673,0.0642114257813
Heat/Poisson stressed,sign_agreement,Modal sign agreement,4,8,0.25,0.75,0.321406650772,0.30971763383,0.333487924868,0.957945267186,0.955272744111,0.960573195124,0.0480875651042,0.0396044514974,0.0567401529948
Heat/Poisson stressed,sign_agreement,Modal sign agreement,5,10,0.3125,0.6875,0.312087877265,0.30047094276,0.323978378907,0.96045514289,0.957903952181,0.962941496283,0.0465944602273,0.0378213334517,0.0553764204545
Heat/Poisson stressed,sign_agreement,Modal sign agreement,6,12,0.375,0.625,0.299767651004,0.288225505922,0.311451098886,0.963263202733,0.960861393368,0.965602584535,0.046833984375,0.0377373535156,0.055884765625
Heat/Poisson stressed,sign_agreement,Modal sign agreement,7,14,0.4375,0.5625,0.28490532915,0.273785327057,0.296241035618,0.966340042894,0.964110010091,0.968501758888,0.0468576388889,0.0375997721354,0.0561569010417
Heat/Poisson stressed,sign_agreement,Modal sign agreement,8,16,0.5,0.5,0.268488555766,0.258033972282,0.279164653351,0.969606705872,0.967608190633,0.971552858714,0.0464868164062,0.037172668457,0.0557935791016
Heat/Poisson stressed,sign_agreement,Modal sign agreement,9,18,0.5625,0.4375,0.250426226185,0.240686501706,0.260447610113,0.973095419523,0.971331435979,0.97480871129,0.0464174107143,0.0371034458705,0.0557059151786
Heat/Poisson stressed,sign_agreement,Modal sign agreement,10,20,0.625,0.375,0.230844170567,0.221831843755,0.240060207726,0.976682111574,0.975154757139,0.978166277293,0.046455078125,0.0371809895833,0.0557553710937
Heat/Poisson stressed,sign_agreement,Modal sign agreement,11,22,0.6875,0.3125,0.209618045963,0.201369655571,0.218022147647,0.980321891026,0.979013047976,0.981599324922,0.04634765625,0.0370818359375,0.0556407226563
Heat/Poisson stressed,sign_agreement,Modal sign agreement,12,24,0.75,0.25,0.185966031752,0.178571350983,0.193517172734,0.984039621682,0.982946945361,0.985099965651,0.0464794921875,0.0372116699219,0.0557960205078
Heat/Poisson stressed,sign_agreement,Modal sign agreement,13,26,0.8125,0.1875,0.158827820969,0.152498876527,0.165299589668,0.987867130336,0.987003855858,0.988693199177,0.0467513020833,0.0374152018229,0.0562306315104
Heat/Poisson stressed,sign_agreement,Modal sign agreement,14,28,0.875,0.125,0.12610403145,0.120983970441,0.131360358274,0.99178458202,0.991174085161,0.992374718792,0.046962890625,0.0375778808594,0.05650390625
Heat/Poisson stressed,sign_agreement,Modal sign agreement,15,30,0.9375,0.0625,0.0819201929799,0.0784847795561,0.0854296926977,0.995829644879,0.995506658199,0.996141898464,0.04615234375,0.036796875,0.0555864257812
Heat/Poisson stressed,sign_agreement,Modal sign agreement,16,32,1,0,0,0,0,0.999999999981,0.99999999998,0.999999999981,,,
Heat/Poisson stressed,snr,SNR $|\bar g|/s$,0,0,0,1,0.343819091669,0.332812035275,0.355275786468,0.950911527565,0.948265870045,0.953508076229,0.106875,0.094375,0.12
Heat/Poisson stressed,snr,SNR $|\bar g|/s$,1,2,0.0625,0.9375,0.339486558421,0.327882464621,0.35137652186,0.952266805162,0.949507082252,0.95497031664,0.082,0.07,0.0946666666667
Heat/Poisson stressed,snr,SNR $|\bar g|/s$,2,4,0.125,0.875,0.335396582269,0.323711300691,0.347401709537,0.953616946008,0.950868306909,0.956316281632,0.0664285714286,0.0557142857143,0.0771428571429
Heat/Poisson stressed,snr,SNR $|\bar g|/s$,3,6,0.1875,0.8125,0.329767224231,0.317796772274,0.341989796729,0.955427608268,0.952666443891,0.958194663917,0.0576923076923,0.0476923076923,0.0676923076923
Heat/Poisson stressed,snr,SNR $|\bar g|/s$,4,8,0.25,0.75,0.322578858383,0.310744282262,0.334630575399,0.957669462716,0.95498727487,0.960281660271,0.045,0.0366666666667,0.0533333333333
Heat/Poisson stressed,snr,SNR $|\bar g|/s$,5,10,0.3125,0.6875,0.315034042265,0.303244652932,0.327025095141,0.960174370031,0.957583411391,0.962714664977,0.0409090909091,0.0318181818182,0.05
Heat/Poisson stressed,snr,SNR $|\bar g|/s$,6,12,0.375,0.625,0.305538664932,0.293519402753,0.317707531977,0.963060114566,0.960534096697,0.965559124801,0.041,0.031,0.051
Heat/Poisson stressed,snr,SNR $|\bar g|/s$,7,14,0.4375,0.5625,0.296337096861,0.283981732531,0.308810950613,0.965644615808,0.963095368865,0.968178897182,0.0388888888889,0.0288888888889,0.05
Heat/Poisson stressed,snr,SNR $|\bar g|/s$,8,16,0.5,0.5,0.2793428328,0.266481945552,0.292134489527,0.970114591512,0.967578046342,0.972645455195,0.0275,0.0175,0.0375
Heat/Poisson stressed,snr,SNR $|\bar g|/s$,9,18,0.5625,0.4375,0.263045677817,0.250386193165,0.275757035427,0.974248331858,0.971778933629,0.976686011422,0.0128571428571,0.00571428571429,0.0214285714286
Heat/Poisson stressed,snr,SNR $|\bar g|/s$,10,20,0.625,0.375,0.244905530761,0.232287366425,0.257347041866,0.978007749394,0.975755392087,0.980227296173,0,0,0
Heat/Poisson stressed,snr,SNR $|\bar g|/s$,11,22,0.6875,0.3125,0.221999529171,0.208873768628,0.234855584407,0.981173191744,0.978975908221,0.983377661985,0,0,0
Heat/Poisson stressed,snr,SNR $|\bar g|/s$,12,24,0.75,0.25,0.191119091234,0.177617933311,0.204305710901,0.985157834526,0.982973938191,0.987309719042,0,0,0
Heat/Poisson stressed,snr,SNR $|\bar g|/s$,13,26,0.8125,0.1875,0.1593637271,0.145827296671,0.17278157775,0.988715914743,0.986744785516,0.990623010823,0,0,0
Heat/Poisson stressed,snr,SNR $|\bar g|/s$,14,28,0.875,0.125,0.123027024715,0.110171059349,0.135855030924,0.992462617458,0.990776601884,0.994029484687,0,0,0
Heat/Poisson stressed,snr,SNR $|\bar g|/s$,15,30,0.9375,0.0625,0.0811746877076,0.0704169022698,0.0920794368053,0.996410458893,0.995543272117,0.997211267685,0,0,0
Heat/Poisson stressed,snr,SNR $|\bar g|/s$,16,32,1,0,0,0,0,0.999999999981,0.99999999998,0.999999999981,,,
Heat/Poisson stressed,magnitude,Magnitude $|\bar g|$,0,0,0,1,0.343819091669,0.332812035275,0.355275786468,0.950911527565,0.948265870045,0.953508076229,0.106875,0.094375,0.12
Heat/Poisson stressed,magnitude,Magnitude $|\bar g|$,1,2,0.0625,0.9375,0.33949978235,0.327927265382,0.351330020474,0.952276786701,0.949539440398,0.954977247681,0.0833333333333,0.0713333333333,0.096
Heat/Poisson stressed,magnitude,Magnitude $|\bar g|$,2,4,0.125,0.875,0.334868480556,0.323153250436,0.346826989016,0.953778964148,0.951007109081,0.956486177213,0.0664285714286,0.0557142857143,0.0771428571429
Heat/Poisson stressed,magnitude,Magnitude $|\bar g|$,3,6,0.1875,0.8125,0.32975932906,0.318064748715,0.34186676369,0.955469848044,0.952713464787,0.958207762251,0.0546153846154,0.0446153846154,0.0646153846154
Heat/Poisson stressed,magnitude,Magnitude $|\bar g|$,4,8,0.25,0.75,0.323136612229,0.311231235327,0.335364109058,0.957533153596,0.954786042896,0.960222117402,0.0416666666667,0.0333333333333,0.05
Heat/Poisson stressed,magnitude,Magnitude $|\bar g|$,5,10,0.3125,0.6875,0.317032960412,0.305145360452,0.329350150059,0.95955069173,0.956903690122,0.962161191067,0.0409090909091,0.0318181818182,0.05
Heat/Poisson stressed,magnitude,Magnitude $|\bar g|$,6,12,0.375,0.625,0.306970096223,0.294902449393,0.319277922595,0.96243529254,0.959814821417,0.965024968637,0.035,0.026,0.044025
Heat/Poisson stressed,magnitude,Magnitude $|\bar g|$,7,14,0.4375,0.5625,0.296334025207,0.28426183853,0.308578099572,0.965354107352,0.962715856394,0.967930324443,0.0233333333333,0.0144444444444,0.0322222222222
Heat/Poisson stressed,magnitude,Magnitude $|\bar g|$,8,16,0.5,0.5,0.282422315865,0.269212764752,0.295599742236,0.969037693317,0.966365312792,0.971652438632,0.015,0.0075,0.02375
Heat/Poisson stressed,magnitude,Magnitude $|\bar g|$,9,18,0.5625,0.4375,0.265501316384,0.252557719671,0.278099874222,0.973287598754,0.970810490215,0.975699874483,0.01,0.00285714285714,0.0171428571429
Heat/Poisson stressed,magnitude,Magnitude $|\bar g|$,10,20,0.625,0.375,0.246112835775,0.233393576913,0.258675612609,0.977781490172,0.975517136592,0.980039827924,0,0,0
Heat/Poisson stressed,magnitude,Magnitude $|\bar g|$,11,22,0.6875,0.3125,0.227334970838,0.215254802389,0.23932379615,0.980597420916,0.978404594142,0.982735414094,0,0,0
Heat/Poisson stressed,magnitude,Magnitude $|\bar g|$,12,24,0.75,0.25,0.208623814082,0.196047487437,0.220718779851,0.982639168323,0.980368465235,0.984847866142,0,0,0
Heat/Poisson stressed,magnitude,Magnitude $|\bar g|$,13,26,0.8125,0.1875,0.169628146253,0.156119302754,0.182696734216,0.987586220501,0.985365465958,0.989709231229,0,0,0
Heat/Poisson stressed,magnitude,Magnitude $|\bar g|$,14,28,0.875,0.125,0.138427462065,0.124931746305,0.151464484511,0.99144871995,0.989689007381,0.993095624034,0,0,0
Heat/Poisson stressed,magnitude,Magnitude $|\bar g|$,15,30,0.9375,0.0625,0.0950027838165,0.0826345012193,0.107547998453,0.995786784827,0.994811552614,0.996693442038,0,0,0
Heat/Poisson stressed,magnitude,Magnitude $|\bar g|$,16,32,1,0,0,0,0,0.999999999981,0.99999999998,0.999999999981,,,
