dataset,source_file,threshold,NQ,K,n_components,n_sign_correct,n_sign_wrong,TP_trusted_correct,FP_trusted_wrong,FN_rejected_correct,TN_rejected_wrong,false_trust_rate,coverage,coverage_cluster_low,coverage_cluster_high,coverage_wilson_low,coverage_wilson_high,false_trust_risk,false_trust_risk_cluster_low,false_trust_risk_cluster_high,false_trust_risk_wilson_low,false_trust_risk_wilson_high,sensitivity,sensitivity_cluster_low,sensitivity_cluster_high,sensitivity_wilson_low,sensitivity_wilson_high,specificity,specificity_cluster_low,specificity_cluster_high,specificity_wilson_low,specificity_wilson_high,trusted_components_mean,fd_component_checks_mean,reference_evaluations_mean,all_fd_reference_evaluations,reference_evaluation_savings_fraction
TMM easy (near-saturated),extbench_tmm.npz,0.5,80,11,880,852,28,850,27,2,1,0.9642857143,0.9965909091,0.9920454545,1,0.9900251923,0.9988399387,0.03078677309,0.02057142857,0.04123948063,0.02124347644,0.04442266386,0.9976525822,0.9941245593,1,0.9914817032,0.9993560171,0.03571428571,0,0.12,0.006332519849,0.1771219774,10.9625,0.0375,0.075,22,0.9965909091
TMM easy (near-saturated),extbench_tmm.npz,0.6,80,11,880,852,28,847,25,5,3,0.8928571429,0.9909090909,0.9840909091,0.9965909091,0.9821644465,0.9953864382,0.02866972477,0.0184544406,0.03926210469,0.01949356944,0.04198040884,0.9941314554,0.9883310478,0.9988249119,0.9863362954,0.9974907806,0.1071428571,0,0.2380952381,0.03711836683,0.2719585155,10.9,0.1,0.2,22,0.9909090909
TMM easy (near-saturated),extbench_tmm.npz,0.7,80,11,880,852,28,844,24,8,4,0.8571428571,0.9863636364,0.9772727273,0.9943181818,0.9763170042,0.9921824834,0.02764976959,0.0183908046,0.03793103448,0.01864986227,0.04081216296,0.9906103286,0.9836448598,0.9964830012,0.9815818505,0.9952345813,0.1428571429,0.03448275862,0.28,0.0569900532,0.3148980216,10.85,0.15,0.3,22,0.9863636364
TMM easy (near-saturated),extbench_tmm.npz,0.8,80,11,880,852,28,844,20,8,8,0.7142857143,0.9818181818,0.9715909091,0.9909090909,0.9706701716,0.9887779189,0.02314814815,0.01395348837,0.03263498462,0.01503405639,0.03548376386,0.9906103286,0.9836448598,0.9964830012,0.9815818505,0.9952345813,0.2857142857,0.125,0.4615384615,0.1525399606,0.4705928843,10.8,0.2,0.4,22,0.9818181818
TMM easy (near-saturated),extbench_tmm.npz,0.9,80,11,880,852,28,831,13,21,15,0.4642857143,0.9590909091,0.9443181818,0.9727272727,0.9438852652,0.9703058399,0.0154028436,0.008244751611,0.02378121284,0.009023281748,0.02617369819,0.9753521127,0.9636576788,0.9848661234,0.9626138669,0.9838231065,0.5357142857,0.3635732323,0.7142857143,0.3581268923,0.7046843002,10.55,0.45,0.9,22,0.9590909091
TMM easy (near-saturated),extbench_tmm.npz,1,80,11,880,852,28,805,4,47,24,0.1428571429,0.9193181818,0.8909090909,0.9431818182,0.8994485868,0.9355427939,0.004944375773,0.001212084526,0.01008859083,0.001924400918,0.01264357995,0.9448356808,0.9202368377,0.9638694639,0.9274139324,0.9582641242,0.8571428571,0.7307692308,0.9666666667,0.6851019784,0.9430099468,10.1125,0.8875,1.775,22,0.9193181818
TMM stressed,extbench_tmm_hard.npz,0.5,100,11,1100,867,233,864,223,3,10,0.9570815451,0.9881818182,0.9818181818,0.9936363636,0.9798852933,0.9930805175,0.2051517939,0.1764705882,0.2361623616,0.1822043112,0.2301759253,0.9965397924,0.992081448,1,0.9898763743,0.9988225344,0.04291845494,0.01901140684,0.0703535282,0.02347687547,0.07718733652,10.87,0.13,0.26,22,0.9881818182
TMM stressed,extbench_tmm_hard.npz,0.6,100,11,1100,867,233,847,197,20,36,0.8454935622,0.9490909091,0.9372727273,0.9609090909,0.9344669895,0.9605890823,0.188697318,0.1612284069,0.2183908046,0.1661205802,0.2135565699,0.9769319493,0.9667431193,0.9862542955,0.9646380775,0.9850181333,0.1545064378,0.1138211382,0.1990291262,0.1137396304,0.2064807365,10.44,0.56,1.12,22,0.9490909091
TMM stressed,extbench_tmm_hard.npz,0.7,100,11,1100,867,233,804,169,63,64,0.7253218884,0.8845454545,0.8645454545,0.9036363636,0.8643076395,0.9021067702,0.1736896197,0.1462649459,0.2034943474,0.1511810508,0.1987646397,0.9273356401,0.9088811995,0.9441805226,0.9081070148,0.9427941366,0.2746781116,0.218104558,0.3319672131,0.2213697987,0.3352956579,9.73,1.27,2.54,22,0.8845454545
TMM stressed,extbench_tmm_hard.npz,0.8,100,11,1100,867,233,755,138,112,95,0.5922746781,0.8118181818,0.7890909091,0.8345454545,0.7876499686,0.8338160893,0.1545352744,0.1270018343,0.1845979615,0.1323122042,0.1797178164,0.8708189158,0.8508662588,0.8902162145,0.8468469393,0.891519377,0.4077253219,0.3421052632,0.4748886986,0.346619889,0.4718240599,8.93,2.07,4.14,22,0.8118181818
TMM stressed,extbench_tmm_hard.npz,0.9,100,11,1100,867,233,705,109,162,124,0.4678111588,0.74,0.7154545455,0.7636363636,0.7132752965,0.7650542642,0.1339066339,0.1069256899,0.1640552844,0.1122231518,0.1590292486,0.8131487889,0.7886836028,0.8364485981,0.7858418234,0.8376930284,0.5321888412,0.4739126069,0.5940614773,0.4681187285,0.5952147777,8.14,2.86,5.72,22,0.74
TMM stressed,extbench_tmm_hard.npz,1,100,11,1100,867,233,570,64,297,169,0.2746781116,0.5763636364,0.5390681818,0.6145454545,0.5469466006,0.6052491687,0.1009463722,0.07834007412,0.1276269434,0.0798472925,0.1268521263,0.6574394464,0.6199298151,0.6940802468,0.625218105,0.6882717929,0.7253218884,0.6756726727,0.77500251,0.6647043421,0.7786302013,6.34,4.66,9.32,22,0.5763636364
Heat/Poisson stressed,extbench_poisson.npz,0.5,100,16,1600,1429,171,1423,162,6,9,0.9473684211,0.990625,0.985625,0.995,0.9845893139,0.9943104342,0.1022082019,0.08929702343,0.1153370869,0.08824402261,0.1180959221,0.9958012596,0.9922969188,0.9986072423,0.9908697235,0.9980743019,0.05263157895,0.02311806524,0.08840303518,0.02793359839,0.09698791032,15.85,0.15,0.3,32,0.990625
Heat/Poisson stressed,extbench_poisson.npz,0.6,100,16,1600,1429,171,1402,142,27,29,0.8304093567,0.965,0.95625,0.97375,0.9548233031,0.972949197,0.09196891192,0.08048882174,0.1041800643,0.07854953793,0.1074136027,0.9811056683,0.9741439553,0.9874476987,0.9726490606,0.9869825801,0.1695906433,0.1169571656,0.2242424242,0.120753024,0.2329471753,15.44,0.56,1.12,32,0.965
Heat/Poisson stressed,extbench_poisson.npz,0.7,100,16,1600,1429,171,1362,107,67,64,0.6257309942,0.918125,0.905,0.930625,0.9036680122,0.9305790343,0.07283866576,0.0621583756,0.08356296012,0.06063433823,0.08727123404,0.9531140658,0.9420792887,0.963354475,0.9408863777,0.9629121494,0.3742690058,0.306122449,0.4425287356,0.3052464953,0.4488164124,14.69,1.31,2.62,32,0.918125
Heat/Poisson stressed,extbench_poisson.npz,0.8,100,16,1600,1429,171,1304,86,125,85,0.5029239766,0.86875,0.855,0.883125,0.8513173256,0.884416243,0.0618705036,0.05164992826,0.07239176721,0.05037269963,0.07578329732,0.9125262421,0.8997897687,0.9252995067,0.896749644,0.9260908682,0.4970760234,0.4210526316,0.5697674419,0.4230282513,0.5712522814,13.9,2.1,4.2,32,0.86875
Heat/Poisson stressed,extbench_poisson.npz,0.9,100,16,1600,1429,171,1216,62,213,109,0.3625730994,0.79875,0.785,0.811890625,0.7783995166,0.8176693746,0.04851330203,0.03950401553,0.05764796311,0.03802726065,0.06170539969,0.8509447166,0.836791148,0.8651529892,0.8315393142,0.8684683481,0.6374269006,0.5730337079,0.6989247312,0.5630846802,0.7057302812,12.78,3.22,6.44,32,0.79875
Heat/Poisson stressed,extbench_poisson.npz,1,100,16,1600,1429,171,1048,52,381,119,0.3040935673,0.6875,0.67125,0.7025,0.6643619871,0.7097398274,0.04727272727,0.03821656051,0.05646630237,0.03623008269,0.06146642794,0.733379986,0.7164695064,0.75,0.7098497286,0.7556588564,0.6959064327,0.6439733312,0.7473928198,0.6232789121,0.7599253945,11,5,10,32,0.6875
